structure,streak_start,alarm_fired,streak_end,days_humid,max_RH
Katto 1,2025-08-29 11:13:21,2025-08-30 09:13:42,2025-08-30 09:13:42,0.9,98.9
Katto 1,2025-09-13 21:09:07,2025-09-14 19:08:47,2025-09-16 09:08:09,2.5,98.4
Katto 1,2025-10-24 17:17:01,2025-10-25 15:19:15,2025-10-27 07:17:29,2.6,95.9
Katto 1,2025-10-29 21:18:57,2025-10-30 19:18:48,2025-11-03 11:19:23,4.6,98.5
Katto 1,2025-11-04 01:18:33,2025-11-04 23:19:55,2025-11-06 11:18:44,2.4,97.2
Katto 1,2025-11-06 17:19:51,2025-11-07 15:19:41,2025-11-09 11:18:28,2.7,97.2
Katto 1,2025-11-11 17:19:51,2025-11-12 15:21:01,2025-11-13 15:22:17,1.9,96.5
Katto 1,2025-11-27 17:25:12,2025-11-28 15:24:46,2025-11-29 21:24:43,2.2,96.0
Katto 1,2025-12-01 05:27:05,2025-12-02 03:25:22,2025-12-02 11:25:08,1.2,97.2
Katto 1,2025-12-05 17:22:11,2025-12-06 15:23:59,2025-12-07 11:22:55,1.8,93.1
Katto 1,2025-12-08 01:21:22,2025-12-08 23:22:06,2025-12-09 19:22:10,1.8,96.0
Katto 1,2025-12-14 21:21:25,2025-12-15 19:20:21,2025-12-16 17:20:35,1.8,95.6
Katto 2,2025-06-11 00:07:36,2025-06-11 22:08:05,2025-06-12 12:10:01,1.5,100.0
Katto 2,2025-07-05 20:04:42,2025-07-06 18:03:49,2025-07-07 10:04:26,1.6,100.0
Katto 2,2025-08-28 20:19:51,2025-08-29 18:18:48,2025-09-02 08:20:21,4.5,100.0
Katto 2,2025-09-06 16:23:02,2025-09-07 14:20:04,2025-09-08 10:21:34,1.7,100.0
Katto 2,2025-09-13 18:15:31,2025-09-14 16:15:28,2025-09-15 02:15:15,1.3,100.0
Katto 2,2025-09-15 06:15:11,2025-09-16 04:16:18,2025-09-17 10:15:54,2.2,100.0
Katto 2,2025-09-19 18:12:58,2025-09-20 16:13:10,2025-09-21 06:12:41,1.5,100.0
Katto 2,2025-10-05 11:59:14,2025-10-06 09:59:50,2025-10-10 08:02:02,4.8,100.0
Katto 2,2025-10-22 21:57:02,2025-10-23 19:55:38,2025-11-16 07:45:55,24.4,100.0
Katto 2,2025-11-16 15:47:43,2025-11-17 13:47:35,2025-12-12 07:37:08,25.7,100.0
Katto 2,2025-12-12 13:38:25,2025-12-13 11:41:17,2025-12-13 17:41:29,1.2,100.0
Katto 2,2025-12-14 07:40:33,2025-12-15 05:41:50,2025-12-22 13:36:02,8.2,100.0
Katto 2,2025-12-23 05:35:38,2025-12-24 03:35:45,2025-12-27 09:34:38,4.2,100.0
Katto 2,2025-12-28 19:30:28,2025-12-29 17:32:15,2025-12-29 17:32:15,0.9,100.0
Katto 2,2025-12-31 05:34:58,2026-01-01 03:32:25,2026-01-09 17:31:39,9.5,100.0
Katto 2,2026-01-09 23:33:00,2026-01-10 21:33:22,2026-02-02 07:36:39,23.3,100.0
Katto 2,2026-02-03 15:36:05,2026-02-04 13:38:03,2026-02-05 07:39:05,1.7,100.0
Katto 2,2026-02-05 11:39:44,2026-02-06 09:38:39,2026-02-07 07:39:15,1.8,100.0
Katto 2,2026-02-08 11:39:19,2026-02-09 09:37:35,2026-02-09 11:37:12,1.0,100.0
Katto 2,2026-02-09 15:37:09,2026-02-10 13:38:34,2026-02-13 07:37:42,3.7,100.0
Katto 2,2026-02-14 13:36:59,2026-02-15 11:36:35,2026-02-17 09:34:35,2.8,100.0
Katto 2,2026-02-18 15:33:47,2026-02-19 15:33:50,2026-02-20 07:31:55,1.7,100.0
Katto 2,2026-02-20 15:33:23,2026-02-21 13:32:54,2026-02-22 11:33:06,1.8,100.0
Katto 2,2026-02-22 15:33:14,2026-02-23 13:34:17,2026-02-24 09:35:22,1.8,100.0
Katto 2,2026-02-26 03:33:51,2026-02-27 03:35:10,2026-03-04 07:38:22,6.2,100.0
Katto 2,2026-03-08 19:39:08,2026-03-09 17:38:42,2026-03-10 11:37:45,1.7,100.0
Katto 2,2026-03-11 15:39:49,2026-03-12 13:41:29,2026-03-13 07:43:49,1.7,100.0
Katto 2,2026-03-16 15:42:28,2026-03-17 13:40:44,2026-03-20 05:41:02,3.6,100.0
Katto 2,2026-03-29 13:39:46,2026-03-30 11:38:12,2026-03-30 11:38:12,0.9,100.0
Katto 2,2026-04-01 19:35:22,2026-04-02 17:34:38,2026-04-03 07:34:12,1.5,100.0
Katto 2,2026-04-03 15:36:24,2026-04-04 13:35:26,2026-04-05 11:34:32,1.8,100.0
Katto 2,2026-04-05 15:34:59,2026-04-06 13:36:12,2026-04-07 07:36:49,1.7,100.0
Katto 2,2026-06-06 01:47:55,2026-06-06 23:47:30,2026-06-07 05:46:58,1.2,99.6
Katto 2,2026-07-04 21:34:19,2026-07-05 19:35:38,2026-07-06 07:36:44,1.4,100.0
Katto 2,2026-08-22 15:53:25,2026-08-23 13:53:11,2026-08-23 15:53:16,1.0,100.0
Katto 2,2026-08-30 17:51:07,2026-08-31 17:48:30,2026-09-01 07:48:48,1.6,100.0
Katto 2,2026-09-07 19:43:41,2026-09-08 17:41:55,2026-09-09 07:40:39,1.5,100.0
Katto 3,2025-06-10 20:35:17,2025-06-11 18:34:51,2025-06-12 12:32:51,1.7,100.0
Katto 3,2025-06-23 18:32:35,2025-06-24 16:32:51,2025-06-25 08:32:55,1.6,100.0
Katto 3,2025-07-05 18:31:02,2025-07-06 16:32:43,2025-07-07 10:29:59,1.7,100.0
Katto 3,2025-08-28 20:09:02,2025-08-29 18:09:57,2025-09-02 10:09:47,4.6,100.0
Katto 3,2025-09-06 16:08:37,2025-09-07 14:06:21,2025-09-08 12:03:58,1.8,100.0
Katto 3,2025-09-13 18:07:18,2025-09-14 16:04:42,2025-09-18 08:08:37,4.6,100.0
Katto 3,2025-09-19 16:11:51,2025-09-20 14:11:14,2025-09-21 08:10:19,1.7,100.0
Katto 3,2025-10-04 20:07:53,2025-10-05 18:10:38,2025-10-10 10:12:58,5.6,100.0
Katto 3,2025-10-14 16:11:20,2025-10-15 14:09:36,2025-10-16 12:11:21,1.8,100.0
Katto 3,2025-10-22 18:13:02,2025-10-23 16:11:50,2025-11-16 10:09:24,24.7,100.0
Katto 3,2025-11-16 14:07:57,2025-11-17 12:08:49,2025-12-13 18:09:21,27.2,100.0
Katto 3,2025-12-14 02:08:29,2025-12-15 00:08:58,2025-12-27 10:10:48,13.3,100.0
Katto 3,2025-12-28 18:08:42,2025-12-29 16:13:22,2025-12-30 16:11:59,1.9,100.0
Katto 3,2025-12-31 04:10:12,2026-01-01 02:09:51,2026-02-02 08:14:30,33.2,100.0
Katto 3,2026-02-03 00:13:25,2026-02-03 22:12:34,2026-02-14 07:59:30,11.3,100.0
Katto 3,2026-02-14 11:58:16,2026-02-15 09:57:34,2026-02-20 07:53:06,5.8,100.0
Katto 3,2026-02-20 11:54:10,2026-02-21 09:53:44,2026-02-25 09:58:30,4.9,100.0
Katto 3,2026-02-25 15:59:35,2026-02-26 13:59:07,2026-03-04 08:00:02,6.7,100.0
Katto 3,2026-03-08 18:01:21,2026-03-09 16:01:23,2026-03-10 12:01:08,1.7,100.0
Katto 3,2026-03-11 16:01:42,2026-03-12 13:59:48,2026-03-13 07:59:26,1.7,100.0
Katto 3,2026-03-16 13:59:06,2026-03-17 11:58:02,2026-03-20 06:01:34,3.7,100.0
Katto 3,2026-03-29 13:54:36,2026-03-30 11:55:03,2026-03-31 05:57:31,1.7,100.0
Katto 3,2026-04-01 17:56:56,2026-04-02 15:57:55,2026-04-03 11:54:45,1.7,100.0
Katto 3,2026-04-03 15:54:25,2026-04-04 13:55:36,2026-04-07 13:58:55,3.9,100.0
Katto 3,2026-06-05 22:08:58,2026-06-06 22:05:13,2026-06-07 06:05:03,1.3,100.0
Katto 3,2026-06-14 14:00:25,2026-06-15 12:02:12,2026-06-15 12:02:12,0.9,100.0
Katto 3,2026-07-02 16:07:39,2026-07-03 14:11:18,2026-07-03 14:11:18,0.9,100.0
Katto 3,2026-07-04 18:12:24,2026-07-05 16:14:09,2026-07-06 08:12:47,1.6,100.0
Katto 3,2026-08-22 16:22:08,2026-08-23 16:23:06,2026-08-24 06:25:38,1.6,100.0
Katto 3,2026-08-30 16:32:32,2026-08-31 14:29:48,2026-09-01 08:28:26,1.7,100.0
Katto 3,2026-09-07 18:19:15,2026-09-08 16:20:26,2026-09-10 08:17:16,2.6,100.0
Katto 4,2025-07-05 19:10:02,2025-07-06 17:10:26,2025-07-07 09:09:53,1.6,99.2
Katto 4,2025-08-29 01:19:26,2025-08-29 23:18:45,2025-09-01 11:18:04,3.4,100.0
Katto 4,2025-09-06 17:25:41,2025-09-07 15:25:38,2025-09-08 11:27:38,1.8,100.0
Katto 4,2025-09-13 19:31:09,2025-09-14 17:30:59,2025-09-15 01:30:55,1.2,100.0
Katto 4,2025-09-15 05:32:14,2025-09-16 03:33:43,2025-09-16 09:34:21,1.2,100.0
Katto 4,2025-10-05 15:33:53,2025-10-06 13:34:36,2025-10-07 11:33:42,1.8,100.0
Katto 4,2025-10-07 15:33:38,2025-10-08 13:34:34,2025-10-09 11:31:55,1.8,100.0
Katto 4,2025-10-23 03:47:45,2025-10-24 01:45:40,2025-11-15 21:42:16,23.7,100.0
Katto 4,2025-11-16 15:42:34,2025-11-17 13:44:06,2025-12-12 07:40:29,25.7,100.0
Katto 4,2025-12-12 13:41:02,2025-12-13 11:42:10,2025-12-13 17:42:09,1.2,100.0
Katto 4,2025-12-14 07:44:02,2025-12-15 05:42:16,2025-12-22 13:36:46,8.2,100.0
Katto 4,2025-12-23 15:35:27,2025-12-24 15:36:39,2025-12-25 11:38:01,1.8,100.0
Katto 4,2025-12-25 15:37:32,2025-12-26 13:40:33,2025-12-27 09:41:45,1.8,100.0
Katto 4,2026-01-01 11:40:57,2026-01-02 09:42:21,2026-01-09 15:37:20,8.2,100.0
Katto 4,2026-01-10 11:38:31,2026-01-11 09:36:41,2026-02-02 05:43:07,22.8,100.0
Katto 4,2026-02-03 15:46:27,2026-02-04 13:48:38,2026-02-07 07:51:13,3.7,98.1
Katto 4,2026-02-09 15:48:18,2026-02-10 13:48:25,2026-02-13 07:43:57,3.7,100.0
Katto 4,2026-02-14 15:43:46,2026-02-15 13:43:35,2026-02-17 09:42:22,2.7,99.7
Katto 4,2026-02-18 15:40:15,2026-02-19 13:41:23,2026-02-20 05:42:54,1.6,98.0
Katto 4,2026-02-20 23:43:07,2026-02-21 21:41:08,2026-02-22 09:40:16,1.4,100.0
Katto 4,2026-02-23 09:41:24,2026-02-24 07:41:27,2026-02-24 07:41:27,0.9,99.1
Katto 4,2026-02-26 03:45:08,2026-02-27 01:48:13,2026-03-04 07:52:21,6.2,100.0
Katto 4,2026-03-08 21:58:58,2026-03-09 19:59:35,2026-03-10 10:00:29,1.5,100.0
Katto 4,2026-03-11 17:59:58,2026-03-12 16:02:05,2026-03-13 08:00:03,1.6,100.0
Katto 4,2026-03-16 16:02:14,2026-03-17 14:00:14,2026-03-20 05:59:19,3.6,100.0
Katto 4,2026-04-03 17:48:02,2026-04-04 15:45:57,2026-04-05 07:45:31,1.6,100.0
Katto 4,2026-04-06 03:47:04,2026-04-07 01:45:30,2026-04-07 05:46:16,1.1,100.0
Katto 4,2026-06-06 01:37:14,2026-06-06 23:35:09,2026-06-07 05:35:54,1.2,98.6
Katto 4,2026-07-04 21:41:10,2026-07-05 19:40:28,2026-07-06 07:41:13,1.4,97.8
Katto 4,2026-08-22 15:59:40,2026-08-23 13:58:25,2026-08-23 13:58:25,0.9,100.0
Katto 4,2026-08-30 19:54:30,2026-08-31 17:56:14,2026-09-01 05:58:02,1.4,100.0
Viherkatto 1,2025-10-08 13:59:49,2025-10-09 11:59:45,2025-10-09 11:59:45,0.9,97.8
Viherkatto 1,2025-10-24 23:53:32,2025-10-25 21:52:31,2025-10-26 11:52:12,1.5,93.3
Viherkatto 1,2025-10-30 07:51:16,2025-10-31 05:53:40,2025-10-31 11:53:59,1.2,96.3
Viherkatto 1,2025-11-02 01:53:50,2025-11-02 23:54:20,2025-11-03 13:53:31,1.5,96.7
Viherkatto 1,2025-11-04 07:56:07,2025-11-05 07:54:56,2025-11-09 11:52:58,5.2,100.0
Viherkatto 1,2025-11-11 07:50:17,2025-11-12 05:49:01,2025-11-13 15:50:07,2.3,96.9
Viherkatto 1,2025-11-27 19:49:24,2025-11-28 17:50:11,2025-11-30 01:51:27,2.3,100.0
Viherkatto 2,2025-06-11 08:26:34,2025-06-12 06:26:20,2025-06-12 12:26:09,1.2,100.0
Viherkatto 2,2025-07-05 18:19:57,2025-07-06 16:19:26,2025-07-07 10:20:30,1.7,100.0
Viherkatto 2,2025-08-29 00:27:15,2025-08-29 22:26:44,2025-09-02 08:21:43,4.3,100.0
Viherkatto 2,2025-09-06 18:22:04,2025-09-07 16:21:05,2025-09-08 10:23:13,1.7,100.0
Viherkatto 2,2025-09-13 18:24:56,2025-09-14 16:24:09,2025-09-15 02:24:12,1.3,100.0
Viherkatto 2,2025-09-15 06:24:37,2025-09-16 04:28:35,2025-09-16 10:29:25,1.2,100.0
Viherkatto 2,2025-09-19 18:32:30,2025-09-20 16:33:01,2025-09-21 06:32:12,1.5,100.0
Viherkatto 2,2025-10-05 12:19:06,2025-10-06 10:20:12,2025-10-10 08:21:13,4.8,100.0
Viherkatto 2,2025-10-22 22:23:51,2025-10-23 22:26:16,2025-11-16 10:17:59,24.5,100.0
Viherkatto 2,2025-11-16 14:18:35,2025-11-17 12:17:16,2025-12-09 14:22:22,23.0,100.0
Viherkatto 2,2025-12-09 18:23:03,2025-12-10 16:24:18,2025-12-13 16:19:36,3.9,100.0
Viherkatto 2,2025-12-14 02:20:28,2025-12-15 00:21:05,2025-12-27 10:29:15,13.3,100.0
Viherkatto 2,2025-12-31 00:26:27,2025-12-31 22:23:33,2026-02-02 06:29:58,33.3,100.0
Viherkatto 2,2026-02-03 14:31:56,2026-02-04 12:32:41,2026-02-14 06:24:43,10.7,100.0
Viherkatto 2,2026-02-14 10:23:56,2026-02-15 08:22:27,2026-02-20 06:22:49,5.8,100.0
Viherkatto 2,2026-02-20 12:22:42,2026-02-21 10:24:06,2026-02-23 06:21:17,2.7,100.0
Viherkatto 2,2026-02-23 10:20:06,2026-02-24 08:19:02,2026-02-25 06:16:42,1.8,100.0
Viherkatto 2,2026-02-25 16:17:06,2026-02-26 14:18:37,2026-03-05 06:14:24,7.6,100.0
Viherkatto 2,2026-03-08 20:14:28,2026-03-09 18:15:19,2026-03-10 12:13:16,1.7,100.0
Viherkatto 2,2026-03-11 16:14:11,2026-03-12 14:12:52,2026-03-13 08:13:33,1.7,100.0
Viherkatto 2,2026-03-16 16:08:10,2026-03-17 14:09:37,2026-03-20 06:09:11,3.6,100.0
Viherkatto 2,2026-04-01 20:06:38,2026-04-02 18:05:23,2026-04-03 08:06:14,1.5,100.0
Viherkatto 2,2026-04-03 16:05:06,2026-04-04 16:06:05,2026-04-05 12:05:57,1.8,100.0
Viherkatto 2,2026-04-05 16:06:40,2026-04-06 14:06:55,2026-04-07 08:07:09,1.7,100.0
Viherkatto 2,2026-06-06 01:48:42,2026-06-06 23:48:51,2026-06-07 05:49:13,1.2,99.7
Viherkatto 2,2026-07-04 21:47:22,2026-07-05 19:48:51,2026-07-06 07:47:39,1.4,98.9
Viherkatto 2,2026-08-22 17:45:08,2026-08-23 15:43:51,2026-08-24 05:42:42,1.5,100.0
Viherkatto 2,2026-08-30 19:37:34,2026-08-31 17:36:26,2026-09-01 07:33:12,1.5,100.0
Viherkatto 2,2026-09-07 19:30:48,2026-09-08 17:30:50,2026-09-09 07:30:02,1.5,100.0
Hallin alapohja,2025-06-11 01:31:01,2025-06-11 23:31:23,2025-06-12 03:31:30,1.1,100.0
Hallin alapohja,2025-06-23 19:29:23,2025-06-24 17:29:40,2025-06-25 09:30:24,1.6,100.0
Hallin alapohja,2025-07-05 19:16:18,2025-07-06 17:12:17,2025-07-07 11:10:46,1.7,100.0
Hallin alapohja,2025-08-28 18:47:26,2025-08-29 16:50:03,2025-09-02 08:47:55,4.6,100.0
Hallin alapohja,2025-09-06 16:48:01,2025-09-07 14:45:20,2025-09-08 10:46:28,1.7,100.0
Hallin alapohja,2025-09-13 16:45:05,2025-09-14 14:41:49,2025-09-15 02:42:26,1.4,100.0
Hallin alapohja,2025-09-15 06:42:19,2025-09-16 04:39:32,2025-09-18 08:40:12,3.1,100.0
Hallin alapohja,2025-09-19 16:39:13,2025-09-20 14:39:50,2025-09-21 06:41:16,1.6,100.0
Hallin alapohja,2025-10-05 10:36:08,2025-10-06 10:37:16,2025-10-10 08:42:38,4.9,100.0
Hallin alapohja,2025-10-22 18:41:14,2025-10-23 16:40:40,2025-11-16 08:33:35,24.6,100.0
Hallin alapohja,2025-11-16 14:33:47,2025-11-17 12:31:35,2025-12-12 08:44:07,25.8,100.0
Hallin alapohja,2025-12-12 12:43:49,2025-12-13 10:42:47,2025-12-13 16:43:11,1.2,100.0
Hallin alapohja,2025-12-14 06:40:36,2025-12-15 04:40:55,2025-12-22 14:51:52,8.3,100.0
Hallin alapohja,2025-12-23 06:51:34,2025-12-24 04:47:51,2025-12-27 10:47:00,4.2,100.0
Hallin alapohja,2025-12-28 18:44:33,2025-12-29 16:45:11,2025-12-29 16:45:11,0.9,100.0
Hallin alapohja,2025-12-31 04:42:24,2026-01-01 02:43:22,2026-02-02 06:48:16,33.1,100.0
Hallin alapohja,2026-02-03 10:49:22,2026-02-04 12:47:09,2026-02-07 06:47:49,3.8,100.0
Hallin alapohja,2026-02-07 10:47:04,2026-02-08 08:47:48,2026-02-13 06:45:52,5.8,100.0
Hallin alapohja,2026-02-14 12:46:23,2026-02-15 10:45:48,2026-02-17 10:44:24,2.9,100.0
Hallin alapohja,2026-02-17 16:43:59,2026-02-18 14:44:08,2026-02-20 06:45:05,2.6,100.0
Hallin alapohja,2026-02-20 12:44:35,2026-02-21 10:46:31,2026-02-24 12:48:06,4.0,100.0
Hallin alapohja,2026-02-25 16:49:31,2026-02-26 14:48:54,2026-03-01 00:48:47,3.3,100.0
Hallin alapohja,2026-03-01 04:47:52,2026-03-02 02:47:50,2026-03-04 06:47:46,3.1,100.0
Hallin alapohja,2026-03-08 18:51:48,2026-03-09 16:52:29,2026-03-10 12:52:51,1.8,100.0
Hallin alapohja,2026-03-11 16:55:24,2026-03-12 14:55:56,2026-03-13 06:57:09,1.6,100.0
Hallin alapohja,2026-03-16 14:59:31,2026-03-17 13:00:44,2026-03-20 05:03:32,3.6,100.0
Hallin alapohja,2026-03-29 12:56:05,2026-03-30 10:54:46,2026-03-30 12:55:39,1.0,100.0
Hallin alapohja,2026-04-01 16:53:41,2026-04-02 14:52:31,2026-04-03 10:53:06,1.7,100.0
Hallin alapohja,2026-04-03 14:52:37,2026-04-04 12:56:15,2026-04-07 12:55:04,3.9,100.0
Hallin alapohja,2026-06-05 20:53:36,2026-06-06 20:53:30,2026-06-07 06:55:20,1.4,100.0
Hallin alapohja,2026-07-04 20:34:01,2026-07-05 18:31:34,2026-07-06 08:32:15,1.5,100.0
Hallin alapohja,2026-08-30 16:38:54,2026-08-31 14:40:14,2026-09-01 06:41:51,1.6,100.0
Hallin alapohja,2026-09-07 18:48:23,2026-09-08 16:47:12,2026-09-10 06:46:06,2.5,100.0
